Model,Accuracy,Precision,Recall,F1 Score,AUC
Logistic Regression (Final),0.9737356102877701,0.9303993130098754,0.9516051117649642,0.9408827424502291,0.9953459608911976
